{"cameraMode":{"drawMode":0,"name":"Shaded","section":"Shading Mode"},"sceneLighting":true,"audioPlay":false,"sceneViewState":{"showFog":true,"showMaterialUpdate":false,"showSkybox":true,"showFlares":true,"showImageEffects":true,"showParticleSystems":true},"in2DMode":false,"pivot":{"x":-0.8921887278556824,"y":4.149520397186279,"z":-5.412405490875244},"rotation":{"x":-0.3668389618396759,"y":-0.4513327479362488,"z":0.2107308954000473,"w":-0.7857195138931274},"size":2.2833945751190187,"orthographic":false}