{"cameraMode":{"drawMode":0,"name":"Shaded","section":"Shading Mode"},"sceneLighting":true,"audioPlay":false,"sceneViewState":{"showFog":true,"showMaterialUpdate":false,"showSkybox":true,"showFlares":true,"showImageEffects":true,"showParticleSystems":true},"in2DMode":false,"pivot":{"x":0.7376365065574646,"y":-0.0022146091796457769,"z":0.08994923532009125},"rotation":{"x":-0.058539703488349918,"y":0.9363679885864258,"z":-0.28996971249580386,"w":-0.18902909755706788},"size":8.077715873718262,"orthographic":false}