{"cameraMode":{"drawMode":0,"name":"Shaded","section":"Shading Mode"},"sceneLighting":true,"audioPlay":false,"sceneViewState":{"showFog":true,"showMaterialUpdate":false,"showSkybox":true,"showFlares":true,"showImageEffects":true,"showParticleSystems":true},"in2DMode":false,"pivot":{"x":3.212787628173828,"y":-1.3854901790618897,"z":-1.808262586593628},"rotation":{"x":0.11459086090326309,"y":0.7646780014038086,"z":-0.14176559448242188,"w":0.6181159019470215},"size":8.077715873718262,"orthographic":false}